,text,total_count,book_title,supersense_category,count
0,-,1,the_light_princess_and_other_fairy_stories,noun.location,1
1,AGRICULTURAL SYSTEM OF,1,the_king_of_the_golden_river,noun.group,1
2,Africa,1,the_rose_and_the_ring,noun.location,1
3,Albuquerque,1,a_house_of_pomegranates,noun.location,1
4,Alma,1,the_rose_and_the_ring,noun.location,1
5,America,3,the_magic_fishbone,noun.location,1
6,America,3,the_rose_and_the_ring,noun.location,2
7,Arabian Nights,1,prince_prigio,noun.location,1
8,Aragon,1,a_house_of_pomegranates,noun.location,1
9,Arden,1,the_little_lame_prince_and_his_travelling_cloak,noun.location,1
10,Arecarp,4,the_brown_owl,noun.location,4
11,Arithmetic Prize,1,the_rose_and_the_ring,noun.group,1
12,Army,2,the_rose_and_the_ring,noun.group,2
13,Ashter,1,a_house_of_pomegranates,noun.location,1
14,Asia,1,the_pied_piper_of_hamelin,noun.location,1
15,Aurora Borealis,1,the_happy_prince_and_other_tales,noun.location,1
16,Australia,4,melisande,noun.location,1
17,Australia,4,the_little_lame_prince_and_his_travelling_cloak,noun.location,1
18,Australia,4,the_rose_and_the_ring,noun.location,2
19,BAD Rocket,2,the_happy_prince_and_other_tales,noun.location,2
20,BEHIND THE THRONE,1,the_rose_and_the_ring,noun.location,1
21,BLACK BROTHERS,1,the_king_of_the_golden_river,noun.location,1
22,BLACK STONE CHAPTER,1,the_king_of_the_golden_river,noun.location,1
23,BOLD COUNT,1,the_rose_and_the_ring,noun.location,1
24,BOTTLES,1,melisande,noun.group,1
25,Baalbec,1,the_happy_prince_and_other_tales,noun.location,1
26,Bear Inn,1,prince_prigio,noun.location,1
27,Beautiful Mountains,16,the_little_lame_prince_and_his_travelling_cloak,noun.location,16
28,Bengal Light,1,the_happy_prince_and_other_tales,noun.group,1
29,Bengal Lights,1,the_happy_prince_and_other_tales,noun.location,1
30,Billiard Table,1,the_rose_and_the_ring,noun.location,1
31,Bisnagar,1,prince_prigio,noun.location,1
32,Black Sea,1,the_rose_and_the_ring,noun.location,1
33,Blombodinga,6,the_rose_and_the_ring,noun.location,6
34,Blunderbusco,1,the_rose_and_the_ring,noun.location,1
35,Bohemia,1,a_house_of_pomegranates,noun.location,1
36,Bombardaro,2,the_rose_and_the_ring,noun.location,2
37,Bosforo,5,the_rose_and_the_ring,noun.location,5
38,Brian du Bois Gilbert,1,prince_prigio,noun.location,1
39,Britain,1,the_brown_owl,noun.location,1
40,British Islands,1,the_brown_owl,noun.location,1
41,Brunswick,1,the_pied_piper_of_hamelin,noun.location,1
42,Brunswick land,1,the_pied_piper_of_hamelin,noun.location,1
43,Bulverhithe,2,dymchurch_filt,noun.location,2
44,Burgos,1,a_house_of_pomegranates,noun.location,1
45,Business,1,the_rose_and_the_ring,noun.group,1
46,CASTLE OF,2,the_rose_and_the_ring,noun.location,2
47,CHAPTER XI,1,prince_prigio,noun.location,1
48,COURT,1,the_rose_and_the_ring,noun.location,1
49,COURT IX,1,the_rose_and_the_ring,noun.location,1
50,Canterbury Bells,1,dymchurch_filt,noun.location,1
51,Cappadocia,1,the_rose_and_the_ring,noun.location,1
52,Castile,1,a_house_of_pomegranates,noun.location,1
53,Castle,7,a_house_of_pomegranates,noun.location,1
54,Castle,7,prince_prigio,noun.location,2
55,Castle,7,the_happy_prince_and_other_tales,noun.location,1
56,Castle,7,the_rose_and_the_ring,noun.location,3
57,Cathedral,1,a_house_of_pomegranates,noun.location,1
58,Ceremonies,1,prince_prigio,noun.group,1
59,Chambers,1,the_rose_and_the_ring,noun.location,1
60,Chaplain Royal,1,prince_prigio,noun.group,1
61,China,1,the_light_princess_and_other_fairy_stories,noun.location,1
62,Chinese Empire,1,the_light_princess_and_other_fairy_stories,noun.group,1
63,Christendom,1,the_rose_and_the_ring,noun.location,1
64,Chrysea,4,the_necklace_of_princess_fiorimonde_and_other_stories,noun.location,4
65,Circassia,1,the_rose_and_the_ring,noun.location,1
66,College,2,the_rose_and_the_ring,noun.group,2
67,Consult,1,the_pied_piper_of_hamelin,noun.group,1
68,Corporation,6,the_happy_prince_and_other_tales,noun.group,1
69,Corporation,6,the_pied_piper_of_hamelin,noun.group,5
70,Council,15,a_house_of_pomegranates,noun.group,1
71,Council,15,the_brown_owl,noun.group,13
72,Council,15,the_pied_piper_of_hamelin,noun.group,1
73,Court,31,a_house_of_pomegranates,noun.group,2
74,Court,31,melisande,noun.group,2
75,Court,31,prince_prigio,noun.group,8
76,Court,31,prince_prigio,noun.location,1
77,Court,31,the_brown_owl,noun.group,2
78,Court,31,the_brown_owl,noun.location,1
79,Court,31,the_happy_prince_and_other_tales,noun.group,3
80,Court,31,the_happy_prince_and_other_tales,noun.location,1
81,Court,31,the_rose_and_the_ring,noun.group,11
82,Court Gazette,2,the_happy_prince_and_other_tales,noun.group,1
83,Court Gazette,2,the_happy_prince_and_other_tales,noun.location,1
84,Crim Tartar Court Journal,1,the_rose_and_the_ring,noun.group,1
85,Crim Tartar Empire,1,the_rose_and_the_ring,noun.group,1
86,Crim Tartary,16,the_rose_and_the_ring,noun.group,2
87,Crim Tartary,16,the_rose_and_the_ring,noun.location,14
88,Crimea,1,the_rose_and_the_ring,noun.location,1
89,Crimean realm,1,the_rose_and_the_ring,noun.location,1
90,Deluge,1,the_rose_and_the_ring,noun.location,1
91,Denmark,1,the_rose_and_the_ring,noun.location,1
92,Dew,1,the_light_princess_and_other_fairy_stories,noun.location,1
93,Dover,1,dymchurch_filt,noun.location,1
94,Downs,4,the_reluctant_dragon,noun.group,1
95,Downs,4,the_reluctant_dragon,noun.location,3
96,Dymchurch,2,dymchurch_filt,noun.location,2
97,Dymchurch Flit,1,dymchurch_filt,noun.location,1
98,Dymchurch Wall,1,dymchurch_filt,noun.location,1
99,END,1,the_little_lame_prince_and_his_travelling_cloak,noun.location,1
100,ESQUIRE,1,the_king_of_the_golden_river,noun.location,1
101,EXECUTION PLACE,1,the_rose_and_the_ring,noun.location,1
102,Earth,3,a_house_of_pomegranates,noun.location,3
103,East,2,a_house_of_pomegranates,noun.location,2
104,Egypt,12,a_house_of_pomegranates,noun.location,3
105,Egypt,12,the_brown_owl,noun.location,1
106,Egypt,12,the_happy_prince_and_other_tales,noun.location,8
107,Elephant,1,the_rose_and_the_ring,noun.location,1
108,Embassy,1,prince_prigio,noun.group,1
109,End,2,the_reluctant_dragon,noun.location,1
110,End,2,the_rose_and_the_ring,noun.location,1
111,England,20,a_house_of_pomegranates,noun.location,2
112,England,20,dymchurch_filt,noun.location,3
113,England,20,the_brown_owl,noun.location,6
114,England,20,the_little_lame_prince_and_his_travelling_cloak,noun.location,6
115,England,20,the_magic_fishbone,noun.location,1
116,England,20,the_rose_and_the_ring,noun.location,2
117,Europe,2,a_house_of_pomegranates,noun.location,1
118,Europe,2,dymchurch_filt,noun.location,1
119,FIELD of,1,the_rose_and_the_ring,noun.location,1
120,FORTUNA F.,1,melisande,noun.location,1
121,Fairyland,6,the_light_princess_and_other_fairy_stories,noun.location,6
122,Falkenstein,11,prince_prigio,noun.location,11
123,Families,1,the_pied_piper_of_hamelin,noun.group,1
124,Family _,1,prince_prigio,noun.group,1
125,Fate,1,the_little_lame_prince_and_his_travelling_cloak,noun.location,1
126,Fencing Master,1,the_rose_and_the_ring,noun.group,1
127,Fidelity,1,the_rose_and_the_ring,noun.location,1
128,Field,3,a_house_of_pomegranates,noun.location,3
129,Finland,1,the_happy_prince_and_other_tales,noun.location,1
130,Firedrake,4,prince_prigio,noun.group,1
131,Firedrake,4,prince_prigio,noun.location,3
132,Fireside Pantomime,1,the_rose_and_the_ring,noun.location,1
133,Fontainebleau,1,a_house_of_pomegranates,noun.location,1
134,Fore Street,1,the_rose_and_the_ring,noun.location,1
135,Forest,1,the_little_lame_prince_and_his_travelling_cloak,noun.location,1
136,Fountain,1,prince_prigio,noun.location,1
137,Fountain of,1,prince_prigio,noun.location,1
138,France,5,a_house_of_pomegranates,noun.location,1
139,France,5,dymchurch_filt,noun.location,2
140,France,5,the_happy_prince_and_other_tales,noun.location,1
141,France,5,the_little_lame_prince_and_his_travelling_cloak,noun.location,1
142,GIANT 'S HEART,1,the_light_princess_and_other_fairy_stories,noun.location,1
143,GOLDEN KEY,1,the_light_princess_and_other_fairy_stories,noun.location,1
144,GOLDEN RIVER,4,the_king_of_the_golden_river,noun.location,4
145,Garret,1,prince_prigio,noun.location,1
146,Gaul,1,the_brown_owl,noun.location,1
147,Ghetto,1,the_happy_prince_and_other_tales,noun.location,1
148,Giantland,5,the_light_princess_and_other_fairy_stories,noun.location,5
149,Giaours,1,a_house_of_pomegranates,noun.location,1
150,Gluckstein,7,prince_prigio,noun.location,7
151,Gluckthal,1,prince_prigio,noun.location,1
152,Golden River,13,the_king_of_the_golden_river,noun.location,13
153,Gone,1,melisande,noun.location,1
154,Goodwill,2,dymchurch_filt,noun.group,1
155,Goodwill,2,dymchurch_filt,noun.location,1
156,Government,4,a_house_of_pomegranates,noun.group,2
157,Government,4,prince_prigio,noun.group,1
158,Government,4,the_little_lame_prince_and_his_travelling_cloak,noun.group,1
159,Grammar School,1,prince_prigio,noun.group,1
160,Granada,2,a_house_of_pomegranates,noun.location,2
161,Great Hall,4,a_house_of_pomegranates,noun.location,2
162,Great Hall,4,the_happy_prince_and_other_tales,noun.location,2
163,Greece,1,the_brown_owl,noun.location,1
164,Gregory,1,the_brown_owl,noun.location,1
165,Guard,2,the_rose_and_the_ring,noun.group,2
166,HAMELIN,1,the_pied_piper_of_hamelin,noun.location,1
167,HAPPY PRINCE,1,the_happy_prince_and_other_tales,noun.location,1
168,HOME,1,the_rose_and_the_ring,noun.location,1
169,Hamelin,1,the_pied_piper_of_hamelin,noun.location,1
170,Hamelin Town,1,the_pied_piper_of_hamelin,noun.location,1
171,Hamelin town,1,the_pied_piper_of_hamelin,noun.location,1
172,Hampstead,1,the_little_lame_prince_and_his_travelling_cloak,noun.location,1
173,Hanover city,1,the_pied_piper_of_hamelin,noun.location,1
174,Hapsburg,1,a_house_of_pomegranates,noun.location,1
175,Heaven,2,a_house_of_pomegranates,noun.location,1
176,Heaven,2,the_pied_piper_of_hamelin,noun.location,1
177,Hedzoff,1,the_rose_and_the_ring,noun.location,1
178,Hell,1,a_house_of_pomegranates,noun.location,1
179,High Street,2,the_pied_piper_of_hamelin,noun.location,1
180,High Street,2,the_rose_and_the_ring,noun.location,1
181,Hills,1,dymchurch_filt,noun.location,1
182,Hopeless Tower,9,the_little_lame_prince_and_his_travelling_cloak,noun.location,9
183,House,2,the_rose_and_the_ring,noun.group,2
184,House of Correction,1,the_rose_and_the_ring,noun.location,1
185,House of Death,1,the_happy_prince_and_other_tales,noun.location,1
186,Illel,1,a_house_of_pomegranates,noun.location,1
187,Images,1,dymchurch_filt,noun.location,1
188,Imperial Theatre,1,the_rose_and_the_ring,noun.location,1
189,India,32,a_house_of_pomegranates,noun.location,2
190,India,32,the_brown_owl,noun.location,29
191,India,32,the_happy_prince_and_other_tales,noun.location,1
192,Ireland,1,the_brown_owl,noun.location,1
193,Isle of Wight,1,melisande,noun.location,1
194,Japan,1,the_light_princess_and_other_fairy_stories,noun.location,1
195,KING OF THE GOLDEN RIVER,1,the_king_of_the_golden_river,noun.location,1
196,Kensington,1,the_brown_owl,noun.location,1
197,King,1,the_rose_and_the_ring,noun.location,1
198,King Padella,1,the_rose_and_the_ring,noun.location,1
199,King ’s garden,1,the_happy_prince_and_other_tales,noun.location,1
200,Kingdom,1,the_rose_and_the_ring,noun.location,1
201,Koppelberg Hill,1,the_pied_piper_of_hamelin,noun.location,1
202,La Atocha,1,a_house_of_pomegranates,noun.location,1
203,Lake of Shadows,1,the_light_princess_and_other_fairy_stories,noun.location,1
204,Latin Prize,1,the_rose_and_the_ring,noun.group,1
205,Libya,1,a_house_of_pomegranates,noun.location,1
206,London,30,the_brown_owl,noun.location,23
207,London,30,the_little_lame_prince_and_his_travelling_cloak,noun.location,6
208,London,30,the_magic_fishbone,noun.location,1
209,Madrid,2,a_house_of_pomegranates,noun.location,2
210,Malay Peninsula,1,melisande,noun.location,1
211,Market - place,1,the_rose_and_the_ring,noun.location,1
212,Marquess de Las - Torres,1,a_house_of_pomegranates,noun.location,1
213,Marsh,16,dymchurch_filt,noun.location,16
214,Marshes,2,dymchurch_filt,noun.location,2
215,Mecca,1,a_house_of_pomegranates,noun.location,1
216,Men,1,dymchurch_filt,noun.group,1
217,Mercury,1,the_light_princess_and_other_fairy_stories,noun.location,1
218,Merry England,1,dymchurch_filt,noun.location,1
219,Merrymineral,2,the_brown_owl,noun.location,2
220,Mesopotamia,1,the_brown_owl,noun.location,1
221,Methuen and Co.,1,a_house_of_pomegranates,noun.group,1
222,Mexico,2,a_house_of_pomegranates,noun.location,1
223,Mexico,2,prince_prigio,noun.location,1
224,Moors,1,a_house_of_pomegranates,noun.location,1
225,Mount Skycrack,6,the_light_princess_and_other_fairy_stories,noun.location,6
226,Mountain - Torrent,1,a_house_of_pomegranates,noun.location,1
227,Mountains,1,the_happy_prince_and_other_tales,noun.location,1
228,Myriads,1,the_king_of_the_golden_river,noun.group,1
229,NASTY THINGS,1,melisande,noun.group,1
230,Natural History,1,prince_prigio,noun.group,1
231,Nature _,1,prince_prigio,noun.location,1
232,New Moon,1,a_house_of_pomegranates,noun.location,1
233,New World,1,a_house_of_pomegranates,noun.location,1
234,Newgate,1,the_rose_and_the_ring,noun.location,1
235,Nomansland,27,the_little_lame_prince_and_his_travelling_cloak,noun.location,27
236,North,1,the_pied_piper_of_hamelin,noun.location,1
237,North Wind,3,the_happy_prince_and_other_tales,noun.location,3
238,Nubia,1,the_brown_owl,noun.location,1
239,Nuestra Senora Del Pilar,1,a_house_of_pomegranates,noun.location,1
240,Nueva,1,a_house_of_pomegranates,noun.location,1
241,Old England,5,dymchurch_filt,noun.location,5
242,Order of Flagellants,1,the_rose_and_the_ring,noun.group,1
243,Ormuz,1,a_house_of_pomegranates,noun.location,1
244,Owl,1,the_brown_owl,noun.location,1
245,PLACE,1,the_rose_and_the_ring,noun.location,1
246,PROCEEDINGS OF,1,the_king_of_the_golden_river,noun.location,1
247,Padan - Aram,1,the_brown_owl,noun.location,1
248,Padella,4,the_rose_and_the_ring,noun.location,4
249,Paflagonia,36,the_rose_and_the_ring,noun.location,36
250,Paflagonia--,1,the_rose_and_the_ring,noun.location,1
251,Paflagonian capital,1,the_rose_and_the_ring,noun.location,1
252,Paflagonian dominions,1,the_rose_and_the_ring,noun.location,1
253,Palace,11,a_house_of_pomegranates,noun.group,1
254,Palace,11,a_house_of_pomegranates,noun.location,5
255,Palace,11,the_happy_prince_and_other_tales,noun.location,1
256,Palace,11,the_little_lame_prince_and_his_travelling_cloak,noun.location,1
257,Palace,11,the_magic_fishbone,noun.group,1
258,Palace,11,the_rose_and_the_ring,noun.group,1
259,Palace,11,the_rose_and_the_ring,noun.location,1
260,Palace Garden,1,the_rose_and_the_ring,noun.location,1
261,Palazzo Poniatowski,1,the_rose_and_the_ring,noun.location,1
262,Pantouflia,15,prince_prigio,noun.location,15
263,Paradise,2,the_happy_prince_and_other_tales,noun.location,2
264,Parliament,1,the_brown_owl,noun.group,1
265,Parma,1,a_house_of_pomegranates,noun.location,1
266,Peasmarsh Fair,1,dymchurch_filt,noun.group,1
267,Pen,1,the_magic_fishbone,noun.location,1
268,People,9,dymchurch_filt,noun.group,1
269,People,9,prince_prigio,noun.group,1
270,People,9,the_light_princess_and_other_fairy_stories,noun.group,2
271,People,9,the_little_lame_prince_and_his_travelling_cloak,noun.group,3
272,People,9,the_magic_fishbone,noun.group,2
273,Persia,1,a_house_of_pomegranates,noun.location,1
274,Piano Nobile,1,the_rose_and_the_ring,noun.location,1
275,Pink Throne,1,the_rose_and_the_ring,noun.location,1
276,Places,1,the_reluctant_dragon,noun.location,1
277,Plymouth,1,dymchurch_filt,noun.location,1
278,Privy Council,1,the_rose_and_the_ring,noun.group,1
279,Pumpkin,2,the_rose_and_the_ring,noun.location,2
280,Pyramids,1,the_happy_prince_and_other_tales,noun.location,1
281,Queen Of,1,the_fairies,noun.location,1
282,RAIN,1,the_light_princess_and_other_fairy_stories,noun.location,1
283,ROSALBA,1,the_rose_and_the_ring,noun.location,1
284,ROUND WOODEN BOXES,1,melisande,noun.group,1
285,ROYAL FAMILY,1,the_rose_and_the_ring,noun.group,1
286,Rat - land,1,the_pied_piper_of_hamelin,noun.location,1
287,Red Sea,2,the_rose_and_the_ring,noun.location,2
288,Reformed Church,1,a_house_of_pomegranates,noun.group,1
289,Remarkable Rocket,1,the_happy_prince_and_other_tales,noun.location,1
290,Remora,7,prince_prigio,noun.group,1
291,Remora,7,prince_prigio,noun.location,6
292,Remora _,1,prince_prigio,noun.group,1
293,Republic,1,the_little_lame_prince_and_his_travelling_cloak,noun.location,1
294,Revue des Traditione Populaires,1,prince_prigio,noun.group,1
295,Rimbombamento,2,the_rose_and_the_ring,noun.location,2
296,Rimini,1,a_house_of_pomegranates,noun.location,1
297,Robertsbridge,1,dymchurch_filt,noun.location,1
298,Rodwell Regis,1,the_rose_and_the_ring,noun.location,1
299,Roman Candle,1,the_happy_prince_and_other_tales,noun.location,1
300,Rome,2,the_brown_owl,noun.location,1
301,Rome,2,the_rose_and_the_ring,noun.location,1
302,Romney Marsh,2,dymchurch_filt,noun.location,2
303,Room,1,melisande,noun.location,1
304,Rosses,1,the_fairies,noun.location,1
305,Round One,1,the_reluctant_dragon,noun.location,1
306,Royal Academy,1,the_little_lame_prince_and_his_travelling_cloak,noun.group,1
307,Royal Box,2,the_brown_owl,noun.location,2
308,Royal Castle,1,the_rose_and_the_ring,noun.group,1
309,Royal Family,3,prince_prigio,noun.group,1
310,Royal Family,3,the_rose_and_the_ring,noun.group,2
311,Royal Highness,4,the_little_lame_prince_and_his_travelling_cloak,noun.group,1
312,Royal Highness,4,the_rose_and_the_ring,noun.group,3
313,Royal Highnesses,1,the_rose_and_the_ring,noun.group,1
314,Royal Palace,2,the_little_lame_prince_and_his_travelling_cloak,noun.location,1
315,Royal Palace,2,the_rose_and_the_ring,noun.group,1
316,Royal family,1,the_little_lame_prince_and_his_travelling_cloak,noun.group,1
317,Royal party,1,the_rose_and_the_ring,noun.group,1
318,Rye,1,dymchurch_filt,noun.location,1
319,SET FAIR,1,prince_prigio,noun.group,1
320,SOUTH WEST WIND,1,the_king_of_the_golden_river,noun.location,1
321,SOUTHWEST WIND,2,the_king_of_the_golden_river,noun.location,2
322,STAR,1,a_house_of_pomegranates,noun.location,1
323,Sabbath,1,a_house_of_pomegranates,noun.location,1
324,Samarcand,1,a_house_of_pomegranates,noun.location,1
325,Sans - Souci,1,the_happy_prince_and_other_tales,noun.location,1
326,Saragossa,1,a_house_of_pomegranates,noun.location,1
327,Sausage Islands,1,the_rose_and_the_ring,noun.location,1
328,Schools,1,the_rose_and_the_ring,noun.group,1
329,Scorpion,1,a_house_of_pomegranates,noun.location,1
330,Scotland,2,the_little_lame_prince_and_his_travelling_cloak,noun.location,2
331,Second Cataract,1,the_happy_prince_and_other_tales,noun.location,1
332,Selfish Giant,2,the_happy_prince_and_other_tales,noun.location,2
333,Sellers of Sandals,1,a_house_of_pomegranates,noun.location,1
334,Seville,2,a_house_of_pomegranates,noun.location,2
335,Shadows,1,the_light_princess_and_other_fairy_stories,noun.location,1
336,Sherwood Forest,1,the_little_lame_prince_and_his_travelling_cloak,noun.location,1
337,Sidon,1,a_house_of_pomegranates,noun.location,1
338,Slieveleague,1,the_fairies,noun.location,1
339,Snapdragon Castle,1,the_rose_and_the_ring,noun.group,1
340,Snow Palace,1,the_happy_prince_and_other_tales,noun.location,1
341,Society,1,the_reluctant_dragon,noun.group,1
342,South,4,a_house_of_pomegranates,noun.location,2
343,South,4,the_pied_piper_of_hamelin,noun.location,2
344,South Africa,1,prince_prigio,noun.location,1
345,South America,1,the_little_lame_prince_and_his_travelling_cloak,noun.location,1
346,Southwest Wind,1,the_king_of_the_golden_river,noun.location,1
347,Spain,9,a_house_of_pomegranates,noun.location,9
348,Spanish Court,1,a_house_of_pomegranates,noun.location,1
349,Spinachi,1,the_rose_and_the_ring,noun.location,1
350,Staffordshire,3,the_little_lame_prince_and_his_travelling_cloak,noun.location,3
351,State,6,a_house_of_pomegranates,noun.group,1
352,State,6,a_house_of_pomegranates,noun.location,1
353,State,6,the_brown_owl,noun.group,2
354,State,6,the_brown_owl,noun.location,2
355,State -,1,the_happy_prince_and_other_tales,noun.group,1
356,Stiria,1,the_king_of_the_golden_river,noun.location,1
357,Stoke - upon - Trent,2,the_little_lame_prince_and_his_travelling_cloak,noun.location,2
358,Street,2,a_house_of_pomegranates,noun.location,2
359,Street of Pomegranates,1,a_house_of_pomegranates,noun.location,1
360,Street-- Where,1,the_pied_piper_of_hamelin,noun.location,1
361,Sun,1,a_house_of_pomegranates,noun.location,1
362,Syria,1,a_house_of_pomegranates,noun.location,1
363,THE CAPITAL,1,the_rose_and_the_ring,noun.location,1
364,THE COMMON,1,melisande,noun.location,1
365,THE MOON,1,the_light_princess_and_other_fairy_stories,noun.location,1
366,THREE BROTHERS,1,the_king_of_the_golden_river,noun.group,1
367,Tartars,1,a_house_of_pomegranates,noun.group,1
368,Tartary,2,a_house_of_pomegranates,noun.location,1
369,Tartary,2,the_pied_piper_of_hamelin,noun.location,1
370,Temple,1,the_happy_prince_and_other_tales,noun.location,1
371,Tennis Court,1,the_rose_and_the_ring,noun.group,1
372,Throne Room,1,melisande,noun.location,1
373,Tierra,1,a_house_of_pomegranates,noun.location,1
374,Tierra - Nueva,2,a_house_of_pomegranates,noun.location,2
375,To Arecarp,1,the_brown_owl,noun.location,1
376,Toledo,1,a_house_of_pomegranates,noun.location,1
377,Tower,2,a_house_of_pomegranates,noun.location,1
378,Tower,2,the_rose_and_the_ring,noun.location,1
379,Tower of Apes,1,a_house_of_pomegranates,noun.location,1
380,Town,5,prince_prigio,noun.location,1
381,Town,5,the_happy_prince_and_other_tales,noun.group,2
382,Town,5,the_happy_prince_and_other_tales,noun.location,2
383,Town Hall,1,the_pied_piper_of_hamelin,noun.group,1
384,Transylvania,1,the_pied_piper_of_hamelin,noun.location,1
385,Treasure Valley,10,the_king_of_the_golden_river,noun.location,10
386,Trump,1,the_pied_piper_of_hamelin,noun.location,1
387,Tyre,1,a_house_of_pomegranates,noun.location,1
388,UNIVERSITY NEWS.--Yesterday,1,the_rose_and_the_ring,noun.group,1
389,University,2,the_rose_and_the_ring,noun.group,1
390,University,2,the_rose_and_the_ring,noun.location,1
391,Valley,1,a_house_of_pomegranates,noun.location,1
392,Venice,1,a_house_of_pomegranates,noun.location,1
393,Wall,2,dymchurch_filt,noun.location,2
394,West,2,the_pied_piper_of_hamelin,noun.location,2
395,West Winds,1,the_king_of_the_golden_river,noun.location,1
396,Western World,3,the_brown_owl,noun.location,3
397,Wildwood Cottage,2,the_little_lame_prince_and_his_travelling_cloak,noun.location,2
398,Wombwell,1,the_rose_and_the_ring,noun.location,1
399,XII,1,the_light_princess_and_other_fairy_stories,noun.location,1
400,XIII,1,the_pied_piper_of_hamelin,noun.location,1
401,XIV,2,the_light_princess_and_other_fairy_stories,noun.location,1
402,XIV,2,the_pied_piper_of_hamelin,noun.location,1
403,YOU,1,the_king_of_the_golden_river,noun.location,1
404,air,68,a_house_of_pomegranates,noun.location,7
405,air,68,melisande,noun.location,1
406,air,68,prince_prigio,noun.location,7
407,air,68,the_brown_owl,noun.location,7
408,air,68,the_happy_prince_and_other_tales,noun.location,7
409,air,68,the_king_of_the_golden_river,noun.location,2
410,air,68,the_light_princess_and_other_fairy_stories,noun.location,14
411,air,68,the_little_lame_prince_and_his_travelling_cloak,noun.location,11
412,air,68,the_necklace_of_princess_fiorimonde_and_other_stories,noun.location,4
413,air,68,the_reluctant_dragon,noun.location,4
414,air,68,the_rose_and_the_ring,noun.group,1
415,air,68,the_rose_and_the_ring,noun.location,3
416,allies,1,the_brown_owl,noun.group,1
417,angle,1,the_king_of_the_golden_river,noun.location,1
418,aristocracy,1,the_rose_and_the_ring,noun.group,1
419,armies,3,the_brown_owl,noun.group,3
420,army,56,melisande,noun.group,3
421,army,56,prince_prigio,noun.group,1
422,army,56,the_brown_owl,noun.group,29
423,army,56,the_light_princess_and_other_fairy_stories,noun.group,3
424,army,56,the_little_lame_prince_and_his_travelling_cloak,noun.group,1
425,army,56,the_necklace_of_princess_fiorimonde_and_other_stories,noun.group,4
426,army,56,the_pied_piper_of_hamelin,noun.group,1
427,army,56,the_rose_and_the_ring,noun.group,14
428,array,2,the_necklace_of_princess_fiorimonde_and_other_stories,noun.group,2
429,assemblage,1,the_reluctant_dragon,noun.group,1
430,assembly,3,the_brown_owl,noun.group,1
431,assembly,3,the_little_lame_prince_and_his_travelling_cloak,noun.group,1
432,assembly,3,the_rose_and_the_ring,noun.group,1
433,au Bois - dormant,1,prince_prigio,noun.location,1
434,audience,4,a_house_of_pomegranates,noun.group,1
435,audience,4,the_brown_owl,noun.group,1
436,audience,4,the_reluctant_dragon,noun.group,1
437,audience,4,the_rose_and_the_ring,noun.group,1
438,back,1,the_rose_and_the_ring,noun.location,1
439,back alleys,1,the_little_lame_prince_and_his_travelling_cloak,noun.location,1
440,"balcony,--for",1,prince_prigio,noun.location,1
441,ball,2,the_brown_owl,noun.group,1
442,ball,2,the_happy_prince_and_other_tales,noun.group,1
443,band,4,prince_prigio,noun.group,1
444,band,4,the_brown_owl,noun.group,1
445,band,4,the_little_lame_prince_and_his_travelling_cloak,noun.group,1
446,band,4,the_pied_piper_of_hamelin,noun.group,1
447,bands,1,the_rose_and_the_ring,noun.group,1
448,banquet,6,the_happy_prince_and_other_tales,noun.group,1
449,banquet,6,the_necklace_of_princess_fiorimonde_and_other_stories,noun.group,1
450,banquet,6,the_reluctant_dragon,noun.group,4
451,base,2,the_little_lame_prince_and_his_travelling_cloak,noun.location,2
452,batch,2,the_necklace_of_princess_fiorimonde_and_other_stories,noun.group,2
453,battalions,1,the_rose_and_the_ring,noun.group,1
454,battlefield,3,the_brown_owl,noun.location,3
455,belladonna,1,the_little_lame_prince_and_his_travelling_cloak,noun.location,1
456,bevy,1,the_little_lame_prince_and_his_travelling_cloak,noun.group,1
457,blood royal,1,prince_prigio,noun.group,1
458,board,1,a_house_of_pomegranates,noun.group,1
459,bodies,1,the_brown_owl,noun.group,1
460,body,1,the_little_lame_prince_and_his_travelling_cloak,noun.group,1
461,border,2,prince_prigio,noun.location,1
462,border,2,the_light_princess_and_other_fairy_stories,noun.location,1
463,borders,10,the_light_princess_and_other_fairy_stories,noun.location,10
464,bosom,1,the_reluctant_dragon,noun.location,1
465,bottom,27,a_house_of_pomegranates,noun.location,3
466,bottom,27,dymchurch_filt,noun.location,1
467,bottom,27,prince_prigio,noun.location,2
468,bottom,27,the_king_of_the_golden_river,noun.location,1
469,bottom,27,the_light_princess_and_other_fairy_stories,noun.location,13
470,bottom,27,the_little_lame_prince_and_his_travelling_cloak,noun.location,4
471,bottom,27,the_necklace_of_princess_fiorimonde_and_other_stories,noun.location,1
472,bottom,27,the_reluctant_dragon,noun.location,2
473,branch,1,the_reluctant_dragon,noun.group,1
474,brink,4,the_king_of_the_golden_river,noun.location,2
475,brink,4,the_light_princess_and_other_fairy_stories,noun.location,1
476,brink,4,the_pied_piper_of_hamelin,noun.location,1
477,brood,1,the_pied_piper_of_hamelin,noun.group,1
478,"brothers,--the",1,prince_prigio,noun.group,1
479,bunch,4,the_happy_prince_and_other_tales,noun.group,1
480,bunch,4,the_light_princess_and_other_fairy_stories,noun.group,1
481,bunch,4,the_little_lame_prince_and_his_travelling_cloak,noun.group,2
482,bundle,5,a_house_of_pomegranates,noun.group,1
483,bundle,5,the_light_princess_and_other_fairy_stories,noun.group,1
484,bundle,5,the_little_lame_prince_and_his_travelling_cloak,noun.group,3
485,camp,1,the_brown_owl,noun.group,1
486,capital,5,the_little_lame_prince_and_his_travelling_cloak,noun.location,1
487,capital,5,the_rose_and_the_ring,noun.location,4
488,capital city,1,the_brown_owl,noun.location,1
489,caravan,2,a_house_of_pomegranates,noun.group,2
490,cause,1,the_little_lame_prince_and_his_travelling_cloak,noun.location,1
491,cavalry,2,the_rose_and_the_ring,noun.group,2
492,cavern,1,the_happy_prince_and_other_tales,noun.location,1
493,center,3,the_king_of_the_golden_river,noun.location,2
494,center,3,the_little_lame_prince_and_his_travelling_cloak,noun.location,1
495,centre,25,a_house_of_pomegranates,noun.location,5
496,centre,25,the_brown_owl,noun.location,3
497,centre,25,the_happy_prince_and_other_tales,noun.location,1
498,centre,25,the_light_princess_and_other_fairy_stories,noun.location,6
499,centre,25,the_little_lame_prince_and_his_travelling_cloak,noun.location,6
500,centre,25,the_necklace_of_princess_fiorimonde_and_other_stories,noun.location,3
501,centre,25,the_rose_and_the_ring,noun.location,1
502,chain,1,the_little_lame_prince_and_his_travelling_cloak,noun.group,1
503,chamber,1,the_little_lame_prince_and_his_travelling_cloak,noun.group,1
504,charity,1,the_light_princess_and_other_fairy_stories,noun.group,1
505,chief city,1,the_necklace_of_princess_fiorimonde_and_other_stories,noun.location,1
506,church,1,the_magic_fishbone,noun.group,1
507,churchyard,1,a_house_of_pomegranates,noun.location,1
508,circle,3,the_little_lame_prince_and_his_travelling_cloak,noun.group,1
509,circle,3,the_reluctant_dragon,noun.location,1
510,circle,3,the_rose_and_the_ring,noun.group,1
511,circus,4,the_reluctant_dragon,noun.group,1
512,circus,4,the_rose_and_the_ring,noun.group,3
513,cities,7,a_house_of_pomegranates,noun.location,3
514,cities,7,the_king_of_the_golden_river,noun.location,2
515,cities,7,the_necklace_of_princess_fiorimonde_and_other_stories,noun.location,1
516,cities,7,the_reluctant_dragon,noun.location,1
517,city,104,a_house_of_pomegranates,noun.location,58
518,city,104,prince_prigio,noun.location,3
519,city,104,the_brown_owl,noun.location,4
520,city,104,the_happy_prince_and_other_tales,noun.location,8
521,city,104,the_king_of_the_golden_river,noun.location,1
522,city,104,the_light_princess_and_other_fairy_stories,noun.location,1
523,city,104,the_little_lame_prince_and_his_travelling_cloak,noun.location,15
524,city,104,the_necklace_of_princess_fiorimonde_and_other_stories,noun.location,9
525,city,104,the_rose_and_the_ring,noun.location,5
526,city of,1,the_happy_prince_and_other_tales,noun.location,1
527,city squares,1,the_little_lame_prince_and_his_travelling_cloak,noun.location,1
528,city streets,2,the_little_lame_prince_and_his_travelling_cloak,noun.location,2
529,class,4,melisande,noun.group,1
530,class,4,the_rose_and_the_ring,noun.group,3
531,classes,1,the_brown_owl,noun.group,1
532,clergy,1,the_rose_and_the_ring,noun.group,1
533,club,1,the_happy_prince_and_other_tales,noun.group,1
534,clump,1,a_house_of_pomegranates,noun.group,1
535,clusters,2,a_house_of_pomegranates,noun.group,2
536,collection,2,prince_prigio,noun.group,1
537,collection,2,the_rose_and_the_ring,noun.group,1
538,college,3,the_light_princess_and_other_fairy_stories,noun.group,2
539,college,3,the_rose_and_the_ring,noun.group,1
540,combination,3,the_light_princess_and_other_fairy_stories,noun.group,1
541,combination,3,the_little_lame_prince_and_his_travelling_cloak,noun.group,1
542,combination,3,the_reluctant_dragon,noun.group,1
543,common,6,melisande,noun.location,1
544,common,6,the_little_lame_prince_and_his_travelling_cloak,noun.location,1
545,common,6,the_necklace_of_princess_fiorimonde_and_other_stories,noun.group,1
546,common,6,the_necklace_of_princess_fiorimonde_and_other_stories,noun.location,3
547,common people,1,the_light_princess_and_other_fairy_stories,noun.group,1
548,community,1,the_light_princess_and_other_fairy_stories,noun.group,1
549,companies,1,the_little_lame_prince_and_his_travelling_cloak,noun.group,1
550,company,20,a_house_of_pomegranates,noun.group,5
551,company,20,prince_prigio,noun.group,1
552,company,20,the_brown_owl,noun.group,1
553,company,20,the_happy_prince_and_other_tales,noun.group,2
554,company,20,the_light_princess_and_other_fairy_stories,noun.group,2
555,company,20,the_little_lame_prince_and_his_travelling_cloak,noun.group,2
556,company,20,the_magic_fishbone,noun.group,1
557,company,20,the_necklace_of_princess_fiorimonde_and_other_stories,noun.group,1
558,company,20,the_rose_and_the_ring,noun.group,5
559,concourse,1,a_house_of_pomegranates,noun.group,1
560,congregation,1,the_little_lame_prince_and_his_travelling_cloak,noun.group,1
561,contents,1,the_light_princess_and_other_fairy_stories,noun.group,1
562,contingent,1,the_rose_and_the_ring,noun.group,1
563,corner,27,a_house_of_pomegranates,noun.location,6
564,corner,27,prince_prigio,noun.location,1
565,corner,27,the_brown_owl,noun.location,1
566,corner,27,the_happy_prince_and_other_tales,noun.location,4
567,corner,27,the_king_of_the_golden_river,noun.location,5
568,corner,27,the_light_princess_and_other_fairy_stories,noun.location,4
569,corner,27,the_little_lame_prince_and_his_travelling_cloak,noun.location,2
570,corner,27,the_magic_fishbone,noun.location,2
571,corner,27,the_rose_and_the_ring,noun.location,2
572,cornfields,1,the_little_lame_prince_and_his_travelling_cloak,noun.location,1
573,council,14,a_house_of_pomegranates,noun.group,1
574,council,14,melisande,noun.group,1
575,council,14,the_light_princess_and_other_fairy_stories,noun.group,2
576,council,14,the_little_lame_prince_and_his_travelling_cloak,noun.group,4
577,council,14,the_necklace_of_princess_fiorimonde_and_other_stories,noun.group,3
578,council,14,the_pied_piper_of_hamelin,noun.group,3
579,council -,1,the_brown_owl,noun.group,1
580,council - board,1,a_house_of_pomegranates,noun.group,1
581,counting -,1,the_light_princess_and_other_fairy_stories,noun.group,1
582,countries,13,a_house_of_pomegranates,noun.group,1
583,countries,13,the_brown_owl,noun.group,2
584,countries,13,the_little_lame_prince_and_his_travelling_cloak,noun.group,3
585,countries,13,the_little_lame_prince_and_his_travelling_cloak,noun.location,2
586,countries,13,the_necklace_of_princess_fiorimonde_and_other_stories,noun.location,3
587,countries,13,the_rose_and_the_ring,noun.location,2
588,country,132,a_house_of_pomegranates,noun.group,2
589,country,132,a_house_of_pomegranates,noun.location,4
590,country,132,dymchurch_filt,noun.location,1
591,country,132,melisande,noun.group,3
592,country,132,melisande,noun.location,2
593,country,132,prince_prigio,noun.group,6
594,country,132,prince_prigio,noun.location,3
595,country,132,the_brown_owl,noun.location,9
596,country,132,the_happy_prince_and_other_tales,noun.location,4
597,country,132,the_king_of_the_golden_river,noun.location,2
598,country,132,the_light_princess_and_other_fairy_stories,noun.group,2
599,country,132,the_light_princess_and_other_fairy_stories,noun.location,19
600,country,132,the_little_lame_prince_and_his_travelling_cloak,noun.group,10
601,country,132,the_little_lame_prince_and_his_travelling_cloak,noun.location,19
602,country,132,the_necklace_of_princess_fiorimonde_and_other_stories,noun.group,5
603,country,132,the_necklace_of_princess_fiorimonde_and_other_stories,noun.location,25
604,country,132,the_pied_piper_of_hamelin,noun.location,1
605,country,132,the_reluctant_dragon,noun.group,1
606,country,132,the_reluctant_dragon,noun.location,2
607,country,132,the_rose_and_the_ring,noun.group,3
608,country,132,the_rose_and_the_ring,noun.location,9
609,country fields,1,the_necklace_of_princess_fiorimonde_and_other_stories,noun.location,1
610,country folk,1,the_necklace_of_princess_fiorimonde_and_other_stories,noun.group,1
611,country of,1,a_house_of_pomegranates,noun.location,1
612,country place,1,the_little_lame_prince_and_his_travelling_cloak,noun.location,1
613,country round,2,the_necklace_of_princess_fiorimonde_and_other_stories,noun.location,1
614,country round,2,the_reluctant_dragon,noun.location,1
615,country- side,1,the_reluctant_dragon,noun.location,1
616,county,3,the_little_lame_prince_and_his_travelling_cloak,noun.location,3
617,"county,--the",1,the_little_lame_prince_and_his_travelling_cloak,noun.location,1
618,couple,3,the_magic_fishbone,noun.group,1
619,couple,3,the_necklace_of_princess_fiorimonde_and_other_stories,noun.group,1
620,couple,3,the_rose_and_the_ring,noun.group,1
621,course,10,a_house_of_pomegranates,noun.location,1
622,course,10,the_brown_owl,noun.group,1
623,course,10,the_king_of_the_golden_river,noun.group,1
624,course,10,the_king_of_the_golden_river,noun.location,1
625,course,10,the_light_princess_and_other_fairy_stories,noun.group,1
626,course,10,the_little_lame_prince_and_his_travelling_cloak,noun.location,3
627,course,10,the_necklace_of_princess_fiorimonde_and_other_stories,noun.location,1
628,course,10,the_rose_and_the_ring,noun.group,1
629,court,22,a_house_of_pomegranates,noun.group,2
630,court,22,prince_prigio,noun.group,2
631,court,22,the_light_princess_and_other_fairy_stories,noun.group,1
632,court,22,the_necklace_of_princess_fiorimonde_and_other_stories,noun.group,11
633,court,22,the_rose_and_the_ring,noun.group,6
634,courts,1,the_rose_and_the_ring,noun.group,1
635,crests,1,the_king_of_the_golden_river,noun.location,1
636,crew,2,dymchurch_filt,noun.group,2
637,crowd,29,a_house_of_pomegranates,noun.group,5
638,crowd,29,prince_prigio,noun.group,3
639,crowd,29,the_brown_owl,noun.group,6
640,crowd,29,the_little_lame_prince_and_his_travelling_cloak,noun.group,2
641,crowd,29,the_magic_fishbone,noun.group,1
642,crowd,29,the_necklace_of_princess_fiorimonde_and_other_stories,noun.group,3
643,crowd,29,the_pied_piper_of_hamelin,noun.group,1
644,crowd,29,the_reluctant_dragon,noun.group,6
645,crowd,29,the_rose_and_the_ring,noun.group,2
646,crowds,5,the_little_lame_prince_and_his_travelling_cloak,noun.group,3
647,crowds,5,the_necklace_of_princess_fiorimonde_and_other_stories,noun.group,1
648,crowds,5,the_pied_piper_of_hamelin,noun.group,1
649,crown,2,a_house_of_pomegranates,noun.location,1
650,crown,2,prince_prigio,noun.group,1
651,crowns,1,the_rose_and_the_ring,noun.group,1
652,dance,2,the_happy_prince_and_other_tales,noun.group,2
653,daylight,1,the_light_princess_and_other_fairy_stories,noun.location,1
654,dead,2,a_house_of_pomegranates,noun.group,1
655,dead,2,the_brown_owl,noun.group,1
656,deep,2,a_house_of_pomegranates,noun.location,2
657,den,1,the_rose_and_the_ring,noun.location,1
658,deputation,2,the_happy_prince_and_other_tales,noun.group,2
659,desert,4,the_happy_prince_and_other_tales,noun.location,1
660,desert,4,the_light_princess_and_other_fairy_stories,noun.location,1
661,desert,4,the_little_lame_prince_and_his_travelling_cloak,noun.location,1
662,desert,4,the_rose_and_the_ring,noun.location,1
663,direction,14,a_house_of_pomegranates,noun.location,1
664,direction,14,prince_prigio,noun.location,5
665,direction,14,the_brown_owl,noun.location,1
666,direction,14,the_happy_prince_and_other_tales,noun.location,1
667,direction,14,the_king_of_the_golden_river,noun.location,1
668,direction,14,the_light_princess_and_other_fairy_stories,noun.location,4
669,direction,14,the_little_lame_prince_and_his_travelling_cloak,noun.location,1
670,directions,5,the_light_princess_and_other_fairy_stories,noun.location,3
671,directions,5,the_little_lame_prince_and_his_travelling_cloak,noun.location,2
672,distance,5,the_happy_prince_and_other_tales,noun.location,1
673,distance,5,the_light_princess_and_other_fairy_stories,noun.location,1
674,distance,5,the_little_lame_prince_and_his_travelling_cloak,noun.location,2
675,distance,5,the_necklace_of_princess_fiorimonde_and_other_stories,noun.location,1
676,division,2,the_rose_and_the_ring,noun.group,2
677,dominions,3,the_rose_and_the_ring,noun.group,1
678,dominions,3,the_rose_and_the_ring,noun.location,2
679,dry land,1,the_light_princess_and_other_fairy_stories,noun.location,1
680,dukedom,1,the_little_lame_prince_and_his_travelling_cloak,noun.group,1
681,dynasty,2,the_light_princess_and_other_fairy_stories,noun.group,1
682,dynasty,2,the_rose_and_the_ring,noun.group,1
683,east,1,prince_prigio,noun.location,1
684,edge,16,a_house_of_pomegranates,noun.location,1
685,edge,16,dymchurch_filt,noun.location,1
686,edge,16,prince_prigio,noun.location,2
687,edge,16,the_brown_owl,noun.location,1
688,edge,16,the_happy_prince_and_other_tales,noun.location,1
689,edge,16,the_light_princess_and_other_fairy_stories,noun.location,7
690,edge,16,the_little_lame_prince_and_his_travelling_cloak,noun.location,1
691,edge,16,the_necklace_of_princess_fiorimonde_and_other_stories,noun.location,1
692,edge,16,the_rose_and_the_ring,noun.location,1
693,edges,2,the_king_of_the_golden_river,noun.location,1
694,edges,2,the_little_lame_prince_and_his_travelling_cloak,noun.location,1
695,elves,1,the_necklace_of_princess_fiorimonde_and_other_stories,noun.group,1
696,empire,3,a_house_of_pomegranates,noun.group,1
697,empire,3,the_rose_and_the_ring,noun.location,2
698,end,49,a_house_of_pomegranates,noun.location,5
699,end,49,dymchurch_filt,noun.location,1
700,end,49,prince_prigio,noun.location,1
701,end,49,the_brown_owl,noun.location,15
702,end,49,the_happy_prince_and_other_tales,noun.location,6
703,end,49,the_king_of_the_golden_river,noun.location,2
704,end,49,the_light_princess_and_other_fairy_stories,noun.location,5
705,end,49,the_little_lame_prince_and_his_travelling_cloak,noun.location,5
706,end,49,the_necklace_of_princess_fiorimonde_and_other_stories,noun.location,1
707,end,49,the_pied_piper_of_hamelin,noun.location,1
708,end,49,the_reluctant_dragon,noun.location,6
709,end,49,the_rose_and_the_ring,noun.location,1
710,ends,3,the_brown_owl,noun.location,1
711,ends,3,the_king_of_the_golden_river,noun.location,1
712,ends,3,the_necklace_of_princess_fiorimonde_and_other_stories,noun.location,1
713,enemy,21,melisande,noun.group,1
714,enemy,21,prince_prigio,noun.group,1
715,enemy,21,the_brown_owl,noun.group,10
716,enemy,21,the_light_princess_and_other_fairy_stories,noun.group,2
717,enemy,21,the_necklace_of_princess_fiorimonde_and_other_stories,noun.group,3
718,enemy,21,the_reluctant_dragon,noun.group,1
719,enemy,21,the_rose_and_the_ring,noun.group,3
720,face,1,the_light_princess_and_other_fairy_stories,noun.location,1
721,fair,1,the_necklace_of_princess_fiorimonde_and_other_stories,noun.group,1
722,fairyland,1,the_little_lame_prince_and_his_travelling_cloak,noun.location,1
723,families,1,the_little_lame_prince_and_his_travelling_cloak,noun.group,1
724,family,24,a_house_of_pomegranates,noun.group,1
725,family,24,melisande,noun.group,1
726,family,24,prince_prigio,noun.group,7
727,family,24,the_happy_prince_and_other_tales,noun.group,2
728,family,24,the_light_princess_and_other_fairy_stories,noun.group,1
729,family,24,the_little_lame_prince_and_his_travelling_cloak,noun.group,5
730,family,24,the_rose_and_the_ring,noun.group,7
731,feast,8,a_house_of_pomegranates,noun.group,2
732,feast,8,the_little_lame_prince_and_his_travelling_cloak,noun.group,1
733,feast,8,the_necklace_of_princess_fiorimonde_and_other_stories,noun.group,5
734,fen,1,a_house_of_pomegranates,noun.location,1
735,field,6,a_house_of_pomegranates,noun.group,1
736,field,6,a_house_of_pomegranates,noun.location,2
737,field,6,prince_prigio,noun.location,1
738,field,6,the_brown_owl,noun.location,2
739,fields,13,the_happy_prince_and_other_tales,noun.location,1
740,fields,13,the_light_princess_and_other_fairy_stories,noun.location,2
741,fields,13,the_little_lame_prince_and_his_travelling_cloak,noun.location,3
742,fields,13,the_necklace_of_princess_fiorimonde_and_other_stories,noun.location,7
743,fleet,2,melisande,noun.group,1
744,fleet,2,the_light_princess_and_other_fairy_stories,noun.group,1
745,flock,4,a_house_of_pomegranates,noun.group,1
746,flock,4,the_happy_prince_and_other_tales,noun.group,1
747,flock,4,the_light_princess_and_other_fairy_stories,noun.group,1
748,flock,4,the_necklace_of_princess_fiorimonde_and_other_stories,noun.group,1
749,folk,12,a_house_of_pomegranates,noun.group,5
750,folk,12,dymchurch_filt,noun.group,2
751,folk,12,the_little_lame_prince_and_his_travelling_cloak,noun.group,2
752,folk,12,the_necklace_of_princess_fiorimonde_and_other_stories,noun.group,3
753,folks,5,dymchurch_filt,noun.group,1
754,folks,5,the_little_lame_prince_and_his_travelling_cloak,noun.group,1
755,folks,5,the_pied_piper_of_hamelin,noun.group,2
756,folks,5,the_rose_and_the_ring,noun.group,1
757,foot,12,the_brown_owl,noun.location,2
758,foot,12,the_light_princess_and_other_fairy_stories,noun.location,4
759,foot,12,the_little_lame_prince_and_his_travelling_cloak,noun.location,6
760,force,1,the_rose_and_the_ring,noun.group,1
761,forces,2,the_brown_owl,noun.group,1
762,forces,2,the_rose_and_the_ring,noun.group,1
763,foreground,1,the_brown_owl,noun.location,1
764,forest,65,a_house_of_pomegranates,noun.group,32
765,forest,65,the_brown_owl,noun.group,2
766,forest,65,the_light_princess_and_other_fairy_stories,noun.group,20
767,forest,65,the_little_lame_prince_and_his_travelling_cloak,noun.group,1
768,forest,65,the_rose_and_the_ring,noun.group,10
769,formation,1,the_light_princess_and_other_fairy_stories,noun.group,1
770,fray,1,the_king_of_the_golden_river,noun.group,1
771,front,3,the_brown_owl,noun.location,2
772,front,3,the_king_of_the_golden_river,noun.location,1
773,front place,1,the_reluctant_dragon,noun.location,1
774,frontier,2,a_house_of_pomegranates,noun.location,1
775,frontier,2,the_rose_and_the_ring,noun.location,1
776,gang,1,the_little_lame_prince_and_his_travelling_cloak,noun.group,1
777,gay Northern Lights,1,the_fairies,noun.location,1
778,gentry,2,the_reluctant_dragon,noun.group,1
779,gentry,2,the_rose_and_the_ring,noun.group,1
780,good folk,1,the_fairies,noun.group,1
781,government,1,the_rose_and_the_ring,noun.group,1
782,governments,1,the_little_lame_prince_and_his_travelling_cloak,noun.group,1
783,green lanes,1,the_necklace_of_princess_fiorimonde_and_other_stories,noun.location,1
784,ground,1,a_house_of_pomegranates,noun.location,1
785,grounds,1,the_necklace_of_princess_fiorimonde_and_other_stories,noun.location,1
786,group,6,the_brown_owl,noun.group,1
787,group,6,the_light_princess_and_other_fairy_stories,noun.group,1
788,group,6,the_little_lame_prince_and_his_travelling_cloak,noun.group,3
789,group,6,the_necklace_of_princess_fiorimonde_and_other_stories,noun.group,1
790,groups,1,the_brown_owl,noun.group,1
791,grove,4,a_house_of_pomegranates,noun.group,1
792,grove,4,the_happy_prince_and_other_tales,noun.group,2
793,grove,4,the_little_lame_prince_and_his_travelling_cloak,noun.group,1
794,grove—“that,1,the_happy_prince_and_other_tales,noun.location,1
795,guard,4,prince_prigio,noun.group,1
796,guard,4,the_rose_and_the_ring,noun.group,3
797,guard of,1,the_little_lame_prince_and_his_travelling_cloak,noun.group,1
798,habitations,1,the_light_princess_and_other_fairy_stories,noun.location,1
799,half,1,the_brown_owl,noun.location,1
800,harbour,1,the_happy_prince_and_other_tales,noun.location,1
801,head,4,a_house_of_pomegranates,noun.location,1
802,head,4,the_brown_owl,noun.location,1
803,head,4,the_happy_prince_and_other_tales,noun.location,1
804,head,4,the_light_princess_and_other_fairy_stories,noun.location,1
805,heap,16,prince_prigio,noun.group,5
806,heap,16,the_brown_owl,noun.group,3
807,heap,16,the_happy_prince_and_other_tales,noun.group,1
808,heap,16,the_king_of_the_golden_river,noun.group,1
809,heap,16,the_light_princess_and_other_fairy_stories,noun.group,1
810,heap,16,the_little_lame_prince_and_his_travelling_cloak,noun.group,2
811,heap,16,the_necklace_of_princess_fiorimonde_and_other_stories,noun.group,1
812,heap,16,the_reluctant_dragon,noun.group,1
813,heap,16,the_rose_and_the_ring,noun.group,1
814,heaps,1,prince_prigio,noun.group,1
815,heart,4,the_light_princess_and_other_fairy_stories,noun.location,4
816,heart!--false,1,the_rose_and_the_ring,noun.location,1
817,heaven,13,a_house_of_pomegranates,noun.location,5
818,heaven,13,the_king_of_the_golden_river,noun.location,2
819,heaven,13,the_light_princess_and_other_fairy_stories,noun.location,2
820,heaven,13,the_little_lame_prince_and_his_travelling_cloak,noun.location,1
821,heaven,13,the_necklace_of_princess_fiorimonde_and_other_stories,noun.location,3
822,heavens,1,the_light_princess_and_other_fairy_stories,noun.location,1
823,hell,1,a_house_of_pomegranates,noun.location,1
824,history,1,the_light_princess_and_other_fairy_stories,noun.group,1
825,hive,1,the_little_lame_prince_and_his_travelling_cloak,noun.group,1
826,hollow,3,a_house_of_pomegranates,noun.location,1
827,hollow,3,the_king_of_the_golden_river,noun.location,1
828,hollow,3,the_light_princess_and_other_fairy_stories,noun.location,1
829,hollows,2,a_house_of_pomegranates,noun.location,1
830,hollows,2,the_light_princess_and_other_fairy_stories,noun.location,1
831,home,39,a_house_of_pomegranates,noun.location,2
832,home,39,melisande,noun.location,1
833,home,39,prince_prigio,noun.location,2
834,home,39,the_brown_owl,noun.location,1
835,home,39,the_happy_prince_and_other_tales,noun.location,1
836,home,39,the_light_princess_and_other_fairy_stories,noun.location,6
837,home,39,the_little_lame_prince_and_his_travelling_cloak,noun.location,1
838,home,39,the_necklace_of_princess_fiorimonde_and_other_stories,noun.location,17
839,home,39,the_reluctant_dragon,noun.location,2
840,home,39,the_rose_and_the_ring,noun.location,6
841,horizon,4,the_brown_owl,noun.location,1
842,horizon,4,the_king_of_the_golden_river,noun.location,1
843,horizon,4,the_little_lame_prince_and_his_travelling_cloak,noun.location,1
844,horizon,4,the_reluctant_dragon,noun.location,1
845,host,1,the_rose_and_the_ring,noun.group,1
846,house,1,a_house_of_pomegranates,noun.group,1
847,household,3,the_light_princess_and_other_fairy_stories,noun.group,1
848,household,3,the_little_lame_prince_and_his_travelling_cloak,noun.group,1
849,household,3,the_rose_and_the_ring,noun.group,1
850,human race,1,the_reluctant_dragon,noun.group,1
851,humanity,1,the_light_princess_and_other_fairy_stories,noun.group,1
852,hunt,1,the_brown_owl,noun.group,1
853,infantry,2,the_rose_and_the_ring,noun.group,2
854,inmates,1,the_necklace_of_princess_fiorimonde_and_other_stories,noun.location,1
855,ins,1,the_light_princess_and_other_fairy_stories,noun.group,1
856,inside,4,the_light_princess_and_other_fairy_stories,noun.location,1
857,inside,4,the_necklace_of_princess_fiorimonde_and_other_stories,noun.location,2
858,inside,4,the_rose_and_the_ring,noun.location,1
859,join,1,the_necklace_of_princess_fiorimonde_and_other_stories,noun.location,1
860,kingdom,20,a_house_of_pomegranates,noun.location,1
861,kingdom,20,prince_prigio,noun.location,1
862,kingdom,20,the_brown_owl,noun.group,3
863,kingdom,20,the_brown_owl,noun.location,5
864,kingdom,20,the_king_of_the_golden_river,noun.location,1
865,kingdom,20,the_little_lame_prince_and_his_travelling_cloak,noun.group,1
866,kingdom,20,the_little_lame_prince_and_his_travelling_cloak,noun.location,2
867,kingdom,20,the_necklace_of_princess_fiorimonde_and_other_stories,noun.location,1
868,kingdom,20,the_rose_and_the_ring,noun.group,2
869,kingdom,20,the_rose_and_the_ring,noun.location,3
870,kingdoms,3,the_brown_owl,noun.group,1
871,kingdoms,3,the_rose_and_the_ring,noun.group,1
872,kingdoms,3,the_rose_and_the_ring,noun.location,1
873,kith,1,the_pied_piper_of_hamelin,noun.group,1
874,labour,1,the_reluctant_dragon,noun.group,1
875,land,36,a_house_of_pomegranates,noun.location,7
876,land,36,dymchurch_filt,noun.location,2
877,land,36,the_brown_owl,noun.location,6
878,land,36,the_light_princess_and_other_fairy_stories,noun.location,3
879,land,36,the_little_lame_prince_and_his_travelling_cloak,noun.location,7
880,land,36,the_necklace_of_princess_fiorimonde_and_other_stories,noun.location,10
881,land,36,the_pied_piper_of_hamelin,noun.location,1
882,lands,4,the_brown_owl,noun.location,1
883,lands,4,the_happy_prince_and_other_tales,noun.location,1
884,lands,4,the_necklace_of_princess_fiorimonde_and_other_stories,noun.location,2
885,landscape,2,the_little_lame_prince_and_his_travelling_cloak,noun.location,1
886,landscape,2,the_reluctant_dragon,noun.location,1
887,lanes,1,the_little_lame_prince_and_his_travelling_cloak,noun.location,1
888,law,4,the_brown_owl,noun.group,3
889,law,4,the_little_lame_prince_and_his_travelling_cloak,noun.group,1
890,lawn,4,dymchurch_filt,noun.location,1
891,lawn,4,the_light_princess_and_other_fairy_stories,noun.location,3
892,league,8,a_house_of_pomegranates,noun.group,2
893,league,8,prince_prigio,noun.group,6
894,left,4,the_necklace_of_princess_fiorimonde_and_other_stories,noun.location,1
895,left,4,the_reluctant_dragon,noun.location,1
896,left,4,the_rose_and_the_ring,noun.location,2
897,level space,1,the_reluctant_dragon,noun.location,1
898,libraries,1,the_little_lame_prince_and_his_travelling_cloak,noun.group,1
899,light Gone,1,the_light_princess_and_other_fairy_stories,noun.location,1
900,lights,1,a_house_of_pomegranates,noun.location,1
901,limit,1,a_house_of_pomegranates,noun.location,1
902,line,16,a_house_of_pomegranates,noun.group,1
903,line,16,the_brown_owl,noun.group,5
904,line,16,the_king_of_the_golden_river,noun.group,1
905,line,16,the_king_of_the_golden_river,noun.location,1
906,line,16,the_light_princess_and_other_fairy_stories,noun.group,2
907,line,16,the_necklace_of_princess_fiorimonde_and_other_stories,noun.location,1
908,line,16,the_reluctant_dragon,noun.group,3
909,line,16,the_reluctant_dragon,noun.location,1
910,line,16,the_rose_and_the_ring,noun.group,1
911,lines,2,the_brown_owl,noun.group,1
912,lines,2,the_reluctant_dragon,noun.group,1
913,lists,2,the_brown_owl,noun.group,1
914,lists,2,the_brown_owl,noun.location,1
915,lot,1,the_pied_piper_of_hamelin,noun.group,1
916,lots,1,the_brown_owl,noun.location,1
917,lump,1,the_brown_owl,noun.group,1
918,majesty,1,prince_prigio,noun.group,1
919,man,1,a_house_of_pomegranates,noun.group,1
920,margin,1,the_reluctant_dragon,noun.location,1
921,market - place,1,the_brown_owl,noun.location,1
922,mass,1,the_light_princess_and_other_fairy_stories,noun.group,1
923,masses,1,the_king_of_the_golden_river,noun.group,1
924,meadow,2,the_happy_prince_and_other_tales,noun.location,1
925,meadow,2,the_necklace_of_princess_fiorimonde_and_other_stories,noun.location,1
926,meeting,2,the_happy_prince_and_other_tales,noun.group,2
927,meetings,1,the_rose_and_the_ring,noun.group,1
928,men,10,a_house_of_pomegranates,noun.group,2
929,men,10,the_brown_owl,noun.group,5
930,men,10,the_happy_prince_and_other_tales,noun.group,1
931,men,10,the_necklace_of_princess_fiorimonde_and_other_stories,noun.group,2
932,metropolis,2,the_little_lame_prince_and_his_travelling_cloak,noun.location,2
933,mid,1,the_little_lame_prince_and_his_travelling_cloak,noun.location,1
934,middle,25,melisande,noun.location,1
935,middle,25,the_brown_owl,noun.location,4
936,middle,25,the_king_of_the_golden_river,noun.location,2
937,middle,25,the_light_princess_and_other_fairy_stories,noun.location,8
938,middle,25,the_little_lame_prince_and_his_travelling_cloak,noun.location,4
939,middle,25,the_magic_fishbone,noun.location,2
940,middle,25,the_necklace_of_princess_fiorimonde_and_other_stories,noun.location,3
941,middle,25,the_reluctant_dragon,noun.location,1
942,midst,16,a_house_of_pomegranates,noun.location,2
943,midst,16,prince_prigio,noun.location,3
944,midst,16,the_king_of_the_golden_river,noun.location,1
945,midst,16,the_light_princess_and_other_fairy_stories,noun.location,2
946,midst,16,the_little_lame_prince_and_his_travelling_cloak,noun.location,3
947,midst,16,the_necklace_of_princess_fiorimonde_and_other_stories,noun.location,3
948,midst,16,the_reluctant_dragon,noun.location,1
949,midst,16,the_rose_and_the_ring,noun.location,1
950,mob,1,the_necklace_of_princess_fiorimonde_and_other_stories,noun.group,1
951,moor,3,the_necklace_of_princess_fiorimonde_and_other_stories,noun.location,3
952,mother -,1,the_king_of_the_golden_river,noun.group,1
953,multitude,1,a_house_of_pomegranates,noun.group,1
954,nation,12,melisande,noun.group,2
955,nation,12,the_brown_owl,noun.group,1
956,nation,12,the_light_princess_and_other_fairy_stories,noun.group,1
957,nation,12,the_little_lame_prince_and_his_travelling_cloak,noun.group,8
958,nations,3,the_light_princess_and_other_fairy_stories,noun.group,1
959,nations,3,the_rose_and_the_ring,noun.group,2
960,neighborhood,1,the_king_of_the_golden_river,noun.location,1
961,neighbourhood,3,prince_prigio,noun.location,2
962,neighbourhood,3,the_light_princess_and_other_fairy_stories,noun.location,1
963,neighbours,1,the_reluctant_dragon,noun.group,1
964,network,2,the_light_princess_and_other_fairy_stories,noun.group,1
965,network,2,the_little_lame_prince_and_his_travelling_cloak,noun.group,1
966,newspapers,2,prince_prigio,noun.group,1
967,newspapers,2,the_happy_prince_and_other_tales,noun.group,1
968,nobility,4,the_rose_and_the_ring,noun.group,4
969,noble families,1,the_rose_and_the_ring,noun.group,1
970,north,1,the_happy_prince_and_other_tales,noun.location,1
971,north seas,1,a_house_of_pomegranates,noun.location,1
972,office,1,the_king_of_the_golden_river,noun.group,1
973,old Council,3,the_brown_owl,noun.group,3
974,opodeldoc,1,the_brown_owl,noun.location,1
975,opposition,1,the_rose_and_the_ring,noun.group,1
976,orchards,1,the_reluctant_dragon,noun.group,1
977,order,2,a_house_of_pomegranates,noun.group,2
978,orders,1,the_happy_prince_and_other_tales,noun.group,1
979,origin,1,the_light_princess_and_other_fairy_stories,noun.location,1
980,outlines,1,the_king_of_the_golden_river,noun.location,1
981,outside,3,the_light_princess_and_other_fairy_stories,noun.location,2
982,outside,3,the_necklace_of_princess_fiorimonde_and_other_stories,noun.location,1
983,outskirts,7,a_house_of_pomegranates,noun.location,3
984,outskirts,7,the_brown_owl,noun.location,1
985,outskirts,7,the_light_princess_and_other_fairy_stories,noun.location,2
986,outskirts,7,the_rose_and_the_ring,noun.location,1
987,packet,1,the_little_lame_prince_and_his_travelling_cloak,noun.group,1
988,pages,3,the_brown_owl,noun.group,3
989,pair,33,a_house_of_pomegranates,noun.group,3
990,pair,33,dymchurch_filt,noun.group,1
991,pair,33,melisande,noun.group,2
992,pair,33,prince_prigio,noun.group,7
993,pair,33,the_brown_owl,noun.group,1
994,pair,33,the_king_of_the_golden_river,noun.group,3
995,pair,33,the_light_princess_and_other_fairy_stories,noun.group,1
996,pair,33,the_little_lame_prince_and_his_travelling_cloak,noun.group,5
997,pair,33,the_magic_fishbone,noun.group,1
998,pair,33,the_necklace_of_princess_fiorimonde_and_other_stories,noun.group,3
999,pair,33,the_rose_and_the_ring,noun.group,6
1000,pairs,4,prince_prigio,noun.group,2
1001,pairs,4,the_little_lame_prince_and_his_travelling_cloak,noun.group,1
1002,pairs,4,the_rose_and_the_ring,noun.group,1
1003,pall,1,the_brown_owl,noun.location,1
1004,paradise,1,the_little_lame_prince_and_his_travelling_cloak,noun.location,1
1005,parentage,1,the_rose_and_the_ring,noun.location,1
1006,parish,1,dymchurch_filt,noun.location,1
1007,park,2,the_rose_and_the_ring,noun.location,2
1008,part,3,a_house_of_pomegranates,noun.location,1
1009,part,3,the_king_of_the_golden_river,noun.location,1
1010,part,3,the_light_princess_and_other_fairy_stories,noun.location,1
1011,parties,8,melisande,noun.group,2
1012,parties,8,the_brown_owl,noun.group,1
1013,parties,8,the_little_lame_prince_and_his_travelling_cloak,noun.group,1
1014,parties,8,the_rose_and_the_ring,noun.group,4
1015,parts,6,dymchurch_filt,noun.location,2
1016,parts,6,the_brown_owl,noun.location,1
1017,parts,6,the_light_princess_and_other_fairy_stories,noun.location,1
1018,parts,6,the_little_lame_prince_and_his_travelling_cloak,noun.location,1
1019,parts,6,the_reluctant_dragon,noun.location,1
1020,party,26,melisande,noun.group,6
1021,party,26,prince_prigio,noun.group,4
1022,party,26,the_light_princess_and_other_fairy_stories,noun.group,2
1023,party,26,the_rose_and_the_ring,noun.group,14
1024,passage,1,the_light_princess_and_other_fairy_stories,noun.location,1
1025,pasture,1,dymchurch_filt,noun.location,1
1026,pasturefields,2,the_little_lame_prince_and_his_travelling_cloak,noun.location,2
1027,patches,1,prince_prigio,noun.location,1
1028,peak,2,the_king_of_the_golden_river,noun.location,1
1029,peak,2,the_light_princess_and_other_fairy_stories,noun.location,1
1030,peaks,1,the_king_of_the_golden_river,noun.location,1
1031,pedigree,1,the_rose_and_the_ring,noun.group,1
1032,people,285,a_house_of_pomegranates,noun.group,23
1033,people,285,dymchurch_filt,noun.group,2
1034,people,285,melisande,noun.group,4
1035,people,285,prince_prigio,noun.group,18
1036,people,285,the_brown_owl,noun.group,23
1037,people,285,the_happy_prince_and_other_tales,noun.group,17
1038,people,285,the_king_of_the_golden_river,noun.group,6
1039,people,285,the_light_princess_and_other_fairy_stories,noun.group,21
1040,people,285,the_little_lame_prince_and_his_travelling_cloak,noun.group,76
1041,people,285,the_magic_fishbone,noun.group,1
1042,people,285,the_necklace_of_princess_fiorimonde_and_other_stories,noun.group,48
1043,people,285,the_pied_piper_of_hamelin,noun.group,4
1044,people,285,the_reluctant_dragon,noun.group,6
1045,people,285,the_rose_and_the_ring,noun.group,36
1046,pieces,2,the_brown_owl,noun.location,1
1047,pieces,2,the_king_of_the_golden_river,noun.location,1
1048,pile,2,prince_prigio,noun.group,2
1049,place,131,a_house_of_pomegranates,noun.location,30
1050,place,131,dymchurch_filt,noun.location,4
1051,place,131,melisande,noun.location,2
1052,place,131,prince_prigio,noun.location,6
1053,place,131,the_brown_owl,noun.location,8
1054,place,131,the_happy_prince_and_other_tales,noun.location,9
1055,place,131,the_king_of_the_golden_river,noun.location,1
1056,place,131,the_light_princess_and_other_fairy_stories,noun.location,19
1057,place,131,the_little_lame_prince_and_his_travelling_cloak,noun.location,11
1058,place,131,the_necklace_of_princess_fiorimonde_and_other_stories,noun.location,19
1059,place,131,the_pied_piper_of_hamelin,noun.location,3
1060,place,131,the_reluctant_dragon,noun.location,11
1061,place,131,the_rose_and_the_ring,noun.location,8
1062,places,20,a_house_of_pomegranates,noun.location,1
1063,places,20,prince_prigio,noun.location,2
1064,places,20,the_brown_owl,noun.location,3
1065,places,20,the_light_princess_and_other_fairy_stories,noun.location,1
1066,places,20,the_little_lame_prince_and_his_travelling_cloak,noun.location,2
1067,places,20,the_necklace_of_princess_fiorimonde_and_other_stories,noun.location,3
1068,places,20,the_reluctant_dragon,noun.location,2
1069,places,20,the_rose_and_the_ring,noun.location,6
1070,plain,3,the_light_princess_and_other_fairy_stories,noun.location,1
1071,plain,3,the_little_lame_prince_and_his_travelling_cloak,noun.location,2
1072,plain;--,1,the_light_princess_and_other_fairy_stories,noun.location,1
1073,point,6,the_happy_prince_and_other_tales,noun.location,1
1074,point,6,the_light_princess_and_other_fairy_stories,noun.location,1
1075,point,6,the_necklace_of_princess_fiorimonde_and_other_stories,noun.location,2
1076,point,6,the_reluctant_dragon,noun.location,1
1077,point,6,the_rose_and_the_ring,noun.location,1
1078,points,1,prince_prigio,noun.location,1
1079,police,4,the_brown_owl,noun.group,4
1080,population,2,the_little_lame_prince_and_his_travelling_cloak,noun.group,1
1081,population,2,the_reluctant_dragon,noun.group,1
1082,position,3,the_brown_owl,noun.location,1
1083,position,3,the_happy_prince_and_other_tales,noun.location,1
1084,position,3,the_reluctant_dragon,noun.location,1
1085,positions,1,prince_prigio,noun.location,1
1086,post,1,prince_prigio,noun.location,1
1087,posts,1,the_rose_and_the_ring,noun.location,1
1088,premises,3,prince_prigio,noun.location,1
1089,premises,3,the_reluctant_dragon,noun.location,1
1090,premises,3,the_rose_and_the_ring,noun.location,1
1091,preparations,1,the_necklace_of_princess_fiorimonde_and_other_stories,noun.group,1
1092,presence,1,melisande,noun.location,1
1093,press,1,dymchurch_filt,noun.group,1
1094,procession,7,a_house_of_pomegranates,noun.group,2
1095,procession,7,the_brown_owl,noun.group,1
1096,procession,7,the_little_lame_prince_and_his_travelling_cloak,noun.group,3
1097,procession,7,the_reluctant_dragon,noun.group,1
1098,provinces,1,a_house_of_pomegranates,noun.location,1
1099,public,2,prince_prigio,noun.group,1
1100,public,2,the_happy_prince_and_other_tales,noun.group,1
1101,quarters,1,the_brown_owl,noun.location,1
1102,race,2,melisande,noun.group,1
1103,race,2,the_little_lame_prince_and_his_travelling_cloak,noun.group,1
1104,races,1,the_light_princess_and_other_fairy_stories,noun.group,1
1105,range,1,the_king_of_the_golden_river,noun.location,1
1106,rank,5,a_house_of_pomegranates,noun.group,1
1107,rank,5,the_little_lame_prince_and_his_travelling_cloak,noun.group,2
1108,rank,5,the_reluctant_dragon,noun.group,2
1109,reach,1,the_necklace_of_princess_fiorimonde_and_other_stories,noun.location,1
1110,realms,1,the_light_princess_and_other_fairy_stories,noun.location,1
1111,regiment,3,the_brown_owl,noun.group,2
1112,regiment,3,the_rose_and_the_ring,noun.group,1
1113,regiments,2,the_little_lame_prince_and_his_travelling_cloak,noun.group,1
1114,regiments,2,the_rose_and_the_ring,noun.group,1
1115,region,2,the_light_princess_and_other_fairy_stories,noun.location,2
1116,residence,2,the_happy_prince_and_other_tales,noun.location,1
1117,residence,2,the_rose_and_the_ring,noun.location,1
1118,resting,2,the_little_lame_prince_and_his_travelling_cloak,noun.location,1
1119,resting,2,the_necklace_of_princess_fiorimonde_and_other_stories,noun.location,1
1120,retinue,1,the_light_princess_and_other_fairy_stories,noun.group,1
1121,right,4,the_light_princess_and_other_fairy_stories,noun.location,1
1122,right,4,the_necklace_of_princess_fiorimonde_and_other_stories,noun.location,1
1123,right,4,the_reluctant_dragon,noun.location,1
1124,right,4,the_rose_and_the_ring,noun.location,1
1125,right way,1,the_light_princess_and_other_fairy_stories,noun.location,1
1126,rim,5,a_house_of_pomegranates,noun.location,1
1127,rim,5,the_brown_owl,noun.location,3
1128,rim,5,the_little_lame_prince_and_his_travelling_cloak,noun.location,1
1129,roads,2,dymchurch_filt,noun.location,1
1130,roads,2,the_necklace_of_princess_fiorimonde_and_other_stories,noun.location,1
1131,root,1,the_light_princess_and_other_fairy_stories,noun.location,1
1132,row,8,prince_prigio,noun.group,1
1133,row,8,the_light_princess_and_other_fairy_stories,noun.group,3
1134,row,8,the_little_lame_prince_and_his_travelling_cloak,noun.group,1
1135,row,8,the_necklace_of_princess_fiorimonde_and_other_stories,noun.group,1
1136,row,8,the_rose_and_the_ring,noun.group,2
1137,rows,5,a_house_of_pomegranates,noun.group,1
1138,rows,5,the_brown_owl,noun.group,1
1139,rows,5,the_happy_prince_and_other_tales,noun.group,1
1140,rows,5,the_light_princess_and_other_fairy_stories,noun.group,1
1141,rows,5,the_little_lame_prince_and_his_travelling_cloak,noun.group,1
1142,royal,3,prince_prigio,noun.group,2
1143,royal,3,the_rose_and_the_ring,noun.group,1
1144,royal Sire,1,the_rose_and_the_ring,noun.group,1
1145,royal family,1,prince_prigio,noun.group,1
1146,royal highness,1,prince_prigio,noun.group,1
1147,rulers,1,the_little_lame_prince_and_his_travelling_cloak,noun.group,1
1148,rushy glen,1,the_fairies,noun.location,1
1149,samphire,1,a_house_of_pomegranates,noun.group,1
1150,scene,3,the_happy_prince_and_other_tales,noun.location,1
1151,scene,3,the_little_lame_prince_and_his_travelling_cloak,noun.location,1
1152,scene,3,the_reluctant_dragon,noun.location,1
1153,school,8,melisande,noun.group,1
1154,school,8,prince_prigio,noun.group,1
1155,school,8,the_happy_prince_and_other_tales,noun.group,3
1156,school,8,the_little_lame_prince_and_his_travelling_cloak,noun.group,1
1157,school,8,the_magic_fishbone,noun.group,1
1158,school,8,the_necklace_of_princess_fiorimonde_and_other_stories,noun.group,1
1159,seat,11,a_house_of_pomegranates,noun.location,1
1160,seat,11,prince_prigio,noun.location,3
1161,seat,11,the_brown_owl,noun.location,4
1162,seat,11,the_light_princess_and_other_fairy_stories,noun.location,2
1163,seat,11,the_magic_fishbone,noun.location,1
1164,sequence,1,the_light_princess_and_other_fairy_stories,noun.group,1
1165,series,1,the_little_lame_prince_and_his_travelling_cloak,noun.group,1
1166,set,6,the_brown_owl,noun.group,2
1167,set,6,the_necklace_of_princess_fiorimonde_and_other_stories,noun.group,3
1168,set,6,the_rose_and_the_ring,noun.group,1
1169,sexes,1,the_rose_and_the_ring,noun.group,1
1170,shade,1,a_house_of_pomegranates,noun.group,1
1171,shadow,1,the_king_of_the_golden_river,noun.location,1
1172,shadows,2,the_light_princess_and_other_fairy_stories,noun.location,2
1173,side,79,a_house_of_pomegranates,noun.group,1
1174,side,79,a_house_of_pomegranates,noun.location,15
1175,side,79,dymchurch_filt,noun.location,1
1176,side,79,prince_prigio,noun.location,3
1177,side,79,the_brown_owl,noun.location,7
1178,side,79,the_happy_prince_and_other_tales,noun.location,3
1179,side,79,the_king_of_the_golden_river,noun.location,6
1180,side,79,the_light_princess_and_other_fairy_stories,noun.location,17
1181,side,79,the_little_lame_prince_and_his_travelling_cloak,noun.group,1
1182,side,79,the_little_lame_prince_and_his_travelling_cloak,noun.location,2
1183,side,79,the_necklace_of_princess_fiorimonde_and_other_stories,noun.location,11
1184,side,79,the_pied_piper_of_hamelin,noun.location,3
1185,side,79,the_reluctant_dragon,noun.location,3
1186,side,79,the_rose_and_the_ring,noun.group,1
1187,side,79,the_rose_and_the_ring,noun.location,5
1188,sides,14,dymchurch_filt,noun.location,2
1189,sides,14,prince_prigio,noun.location,1
1190,sides,14,the_brown_owl,noun.location,1
1191,sides,14,the_king_of_the_golden_river,noun.location,2
1192,sides,14,the_light_princess_and_other_fairy_stories,noun.location,7
1193,sides,14,the_necklace_of_princess_fiorimonde_and_other_stories,noun.location,1
1194,sight,5,dymchurch_filt,noun.location,1
1195,sight,5,the_brown_owl,noun.location,1
1196,sight,5,the_little_lame_prince_and_his_travelling_cloak,noun.location,1
1197,sight,5,the_necklace_of_princess_fiorimonde_and_other_stories,noun.location,1
1198,sight,5,the_reluctant_dragon,noun.location,1
1199,skylight,1,the_little_lame_prince_and_his_travelling_cloak,noun.location,1
1200,society,6,the_happy_prince_and_other_tales,noun.group,4
1201,society,6,the_reluctant_dragon,noun.group,1
1202,society,6,the_rose_and_the_ring,noun.group,1
1203,source,3,the_king_of_the_golden_river,noun.location,2
1204,source,3,the_light_princess_and_other_fairy_stories,noun.location,1
1205,south,2,the_necklace_of_princess_fiorimonde_and_other_stories,noun.location,2
1206,south side,1,the_brown_owl,noun.location,1
1207,space,3,a_house_of_pomegranates,noun.group,1
1208,space,3,prince_prigio,noun.location,1
1209,space,3,the_light_princess_and_other_fairy_stories,noun.location,1
1210,spaces,1,the_light_princess_and_other_fairy_stories,noun.location,1
1211,spot,14,prince_prigio,noun.location,1
1212,spot,14,the_brown_owl,noun.location,2
1213,spot,14,the_happy_prince_and_other_tales,noun.location,2
1214,spot,14,the_light_princess_and_other_fairy_stories,noun.location,3
1215,spot,14,the_little_lame_prince_and_his_travelling_cloak,noun.location,2
1216,spot,14,the_necklace_of_princess_fiorimonde_and_other_stories,noun.location,2
1217,spot,14,the_pied_piper_of_hamelin,noun.location,1
1218,spot,14,the_reluctant_dragon,noun.location,1
1219,spray,1,a_house_of_pomegranates,noun.group,1
1220,square,3,the_happy_prince_and_other_tales,noun.location,2
1221,square,3,the_rose_and_the_ring,noun.location,1
1222,stacks,1,the_little_lame_prince_and_his_travelling_cloak,noun.group,1
1223,state,14,the_little_lame_prince_and_his_travelling_cloak,noun.group,2
1224,state,14,the_little_lame_prince_and_his_travelling_cloak,noun.location,4
1225,state,14,the_necklace_of_princess_fiorimonde_and_other_stories,noun.group,1
1226,state,14,the_necklace_of_princess_fiorimonde_and_other_stories,noun.location,4
1227,state,14,the_rose_and_the_ring,noun.group,1
1228,state,14,the_rose_and_the_ring,noun.location,2
1229,streams,1,the_king_of_the_golden_river,noun.group,1
1230,streets,1,the_happy_prince_and_other_tales,noun.location,1
1231,string,1,the_little_lame_prince_and_his_travelling_cloak,noun.group,1
1232,strings,1,a_house_of_pomegranates,noun.group,1
1233,stumps,1,the_necklace_of_princess_fiorimonde_and_other_stories,noun.location,1
1234,suite,1,the_little_lame_prince_and_his_travelling_cloak,noun.group,1
1235,summit,2,the_light_princess_and_other_fairy_stories,noun.location,1
1236,summit,2,the_reluctant_dragon,noun.location,1
1237,summits,1,a_house_of_pomegranates,noun.location,1
1238,sunrise,1,melisande,noun.location,1
1239,sunset,1,the_brown_owl,noun.location,1
1240,surface,4,prince_prigio,noun.location,1
1241,surface,4,the_king_of_the_golden_river,noun.location,1
1242,surface,4,the_little_lame_prince_and_his_travelling_cloak,noun.location,1
1243,surface,4,the_reluctant_dragon,noun.location,1
1244,surface--,1,the_light_princess_and_other_fairy_stories,noun.location,1
1245,swarm,1,the_king_of_the_golden_river,noun.group,1
1246,swarms,1,the_pied_piper_of_hamelin,noun.group,1
1247,table,1,the_pied_piper_of_hamelin,noun.group,1
1248,the Asturias,1,a_house_of_pomegranates,noun.location,1
1249,the Netherlands,1,a_house_of_pomegranates,noun.location,1
1250,the Sea,2,the_light_princess_and_other_fairy_stories,noun.location,2
1251,thick,1,the_little_lame_prince_and_his_travelling_cloak,noun.location,1
1252,thicket,2,a_house_of_pomegranates,noun.group,1
1253,thicket,2,the_light_princess_and_other_fairy_stories,noun.group,1
1254,throng,2,the_brown_owl,noun.group,1
1255,throng,2,the_reluctant_dragon,noun.group,1
1256,throngs,1,the_brown_owl,noun.group,1
1257,tips,2,the_light_princess_and_other_fairy_stories,noun.location,1
1258,tips,2,the_necklace_of_princess_fiorimonde_and_other_stories,noun.location,1
1259,top,59,a_house_of_pomegranates,noun.location,7
1260,top,59,prince_prigio,noun.location,6
1261,top,59,the_brown_owl,noun.location,11
1262,top,59,the_happy_prince_and_other_tales,noun.location,7
1263,top,59,the_king_of_the_golden_river,noun.location,5
1264,top,59,the_light_princess_and_other_fairy_stories,noun.location,5
1265,top,59,the_little_lame_prince_and_his_travelling_cloak,noun.location,6
1266,top,59,the_necklace_of_princess_fiorimonde_and_other_stories,noun.location,5
1267,top,59,the_pied_piper_of_hamelin,noun.location,1
1268,top,59,the_reluctant_dragon,noun.location,1
1269,top,59,the_rose_and_the_ring,noun.location,5
1270,top The,1,the_fairies,noun.location,1
1271,tops,10,a_house_of_pomegranates,noun.location,2
1272,tops,10,prince_prigio,noun.location,1
1273,tops,10,the_brown_owl,noun.location,2
1274,tops,10,the_light_princess_and_other_fairy_stories,noun.location,2
1275,tops,10,the_little_lame_prince_and_his_travelling_cloak,noun.location,2
1276,tops,10,the_necklace_of_princess_fiorimonde_and_other_stories,noun.location,1
1277,town,71,a_house_of_pomegranates,noun.group,1
1278,town,71,a_house_of_pomegranates,noun.location,4
1279,town,71,prince_prigio,noun.location,10
1280,town,71,the_brown_owl,noun.group,1
1281,town,71,the_brown_owl,noun.location,22
1282,town,71,the_happy_prince_and_other_tales,noun.group,1
1283,town,71,the_happy_prince_and_other_tales,noun.location,1
1284,town,71,the_king_of_the_golden_river,noun.location,1
1285,town,71,the_little_lame_prince_and_his_travelling_cloak,noun.location,3
1286,town,71,the_magic_fishbone,noun.location,1
1287,town,71,the_necklace_of_princess_fiorimonde_and_other_stories,noun.location,12
1288,town,71,the_pied_piper_of_hamelin,noun.location,4
1289,town,71,the_rose_and_the_ring,noun.group,1
1290,town,71,the_rose_and_the_ring,noun.location,9
1291,towns,4,the_little_lame_prince_and_his_travelling_cloak,noun.location,1
1292,towns,4,the_necklace_of_princess_fiorimonde_and_other_stories,noun.location,3
1293,townsfolk,1,the_pied_piper_of_hamelin,noun.group,1
1294,tract,1,the_little_lame_prince_and_his_travelling_cloak,noun.location,1
1295,trains,1,melisande,noun.group,1
1296,tribe,4,a_house_of_pomegranates,noun.group,1
1297,tribe,4,the_pied_piper_of_hamelin,noun.group,1
1298,tribe,4,the_reluctant_dragon,noun.group,2
1299,troop,5,a_house_of_pomegranates,noun.group,1
1300,troop,5,prince_prigio,noun.group,1
1301,troop,5,the_light_princess_and_other_fairy_stories,noun.group,1
1302,troop,5,the_little_lame_prince_and_his_travelling_cloak,noun.group,1
1303,troop,5,the_rose_and_the_ring,noun.group,1
1304,troops,11,the_brown_owl,noun.group,4
1305,troops,11,the_light_princess_and_other_fairy_stories,noun.group,1
1306,troops,11,the_little_lame_prince_and_his_travelling_cloak,noun.group,1
1307,troops,11,the_rose_and_the_ring,noun.group,5
1308,tyranny,1,the_rose_and_the_ring,noun.group,1
1309,under side,1,the_light_princess_and_other_fairy_stories,noun.location,1
1310,university,1,the_rose_and_the_ring,noun.group,1
1311,vale,1,the_reluctant_dragon,noun.location,1
1312,variety,1,the_rose_and_the_ring,noun.group,1
1313,view,3,the_little_lame_prince_and_his_travelling_cloak,noun.location,1
1314,view,3,the_necklace_of_princess_fiorimonde_and_other_stories,noun.location,1
1315,view,3,the_reluctant_dragon,noun.location,1
1316,village,54,a_house_of_pomegranates,noun.group,7
1317,village,54,the_light_princess_and_other_fairy_stories,noun.location,1
1318,village,54,the_necklace_of_princess_fiorimonde_and_other_stories,noun.group,24
1319,village,54,the_necklace_of_princess_fiorimonde_and_other_stories,noun.location,10
1320,village,54,the_reluctant_dragon,noun.group,11
1321,village,54,the_reluctant_dragon,noun.location,1
1322,villages,5,a_house_of_pomegranates,noun.location,1
1323,villages,5,the_necklace_of_princess_fiorimonde_and_other_stories,noun.location,3
1324,villages,5,the_rose_and_the_ring,noun.location,1
1325,watering,1,the_happy_prince_and_other_tales,noun.location,1
1326,way,46,a_house_of_pomegranates,noun.location,2
1327,way,46,dymchurch_filt,noun.location,2
1328,way,46,prince_prigio,noun.location,4
1329,way,46,the_brown_owl,noun.location,3
1330,way,46,the_king_of_the_golden_river,noun.location,1
1331,way,46,the_light_princess_and_other_fairy_stories,noun.location,14
1332,way,46,the_little_lame_prince_and_his_travelling_cloak,noun.location,4
1333,way,46,the_necklace_of_princess_fiorimonde_and_other_stories,noun.location,8
1334,way,46,the_pied_piper_of_hamelin,noun.location,3
1335,way,46,the_reluctant_dragon,noun.location,2
1336,way,46,the_rose_and_the_ring,noun.location,3
1337,weak,1,a_house_of_pomegranates,noun.group,1
1338,weald,1,the_little_lame_prince_and_his_travelling_cloak,noun.location,1
1339,west,4,the_brown_owl,noun.location,1
1340,west,4,the_king_of_the_golden_river,noun.location,1
1341,west,4,the_little_lame_prince_and_his_travelling_cloak,noun.location,2
1342,whereabouts,2,the_brown_owl,noun.location,1
1343,whereabouts,2,the_rose_and_the_ring,noun.location,1
1344,whole,2,the_brown_owl,noun.location,1
1345,whole,2,the_king_of_the_golden_river,noun.location,1
1346,woods,6,dymchurch_filt,noun.group,1
1347,woods,6,the_light_princess_and_other_fairy_stories,noun.group,2
1348,woods,6,the_little_lame_prince_and_his_travelling_cloak,noun.group,1
1349,woods,6,the_magic_fishbone,noun.group,1
1350,woods,6,the_necklace_of_princess_fiorimonde_and_other_stories,noun.group,1
1351,world,21,a_house_of_pomegranates,noun.group,3
1352,world,21,prince_prigio,noun.group,1
1353,world,21,the_brown_owl,noun.group,1
1354,world,21,the_happy_prince_and_other_tales,noun.group,3
1355,world,21,the_light_princess_and_other_fairy_stories,noun.group,3
1356,world,21,the_little_lame_prince_and_his_travelling_cloak,noun.group,4
1357,world,21,the_necklace_of_princess_fiorimonde_and_other_stories,noun.group,2
1358,world,21,the_reluctant_dragon,noun.group,2
1359,world,21,the_rose_and_the_ring,noun.group,2
1360,zenith,1,the_king_of_the_golden_river,noun.location,1
1361,zoological gardens,1,prince_prigio,noun.location,1
